"Qty";"Value";"Device";"Package";"Parts";"Description";"SPICEPREFIX";
"1";"";"DIP16_TH";"DIP16";"IC1";"Generic 16-pin DIP";"";
"1";"";"DO41.3";"DO41-3";"D2";"1N400x, 1N5817";"";
"2";"100k";"R-US_0204/5";"0204/5";"R10, R18";"RESISTOR, American symbol";"R";
"8";"100n";"C-EU050-025X075";"C050-025X075";"C1, C2, C3, C4, C9, C17, C18, C19";"CAPACITOR, European symbol";"C";
"2";"100u";"CPOL-USE2.5-6";"E2,5-6";"C13, C14";"POLARIZED CAPACITOR, American symbol";"C";
"3";"10k";"R-US_0204/5";"0204/5";"R4, R6, R8";"RESISTOR, American symbol";"R";
"2";"12k";"R-US_0204/5";"0204/5";"R2, R7";"RESISTOR, American symbol";"R";
"2";"15k";"R-US_0204/5";"0204/5";"R5, R9";"RESISTOR, American symbol";"R";
"3";"1M";"R-US_0204/5";"0204/5";"R1, R14, R15";"RESISTOR, American symbol";"R";
"2";"1n";"C-EU050-025X075";"C050-025X075";"C7, C15";"CAPACITOR, European symbol";"C";
"1";"220p";"C-EU050-025X075";"C050-025X075";"C6";"CAPACITOR, European symbol";"C";
"1";"22k";"R-US_0204/5";"0204/5";"R11";"RESISTOR, American symbol";"R";
"1";"2N7000";"2N7000";"TO92";"Q1";"N-Channel Mosfet";"";
"1";"3k3";"R-US_0204/5";"0204/5";"R3";"RESISTOR, American symbol";"R";
"2";"47n";"C-EU050-025X075";"C050-025X075";"C10, C12";"CAPACITOR, European symbol";"C";
"1";"47u";"CPOL-USE2.5-6";"E2,5-6";"C5";"POLARIZED CAPACITOR, American symbol";"C";
"1";"4k7";"R-US_0204/5";"0204/5";"R17";"RESISTOR, American symbol";"R";
"3";"4n7";"C-EU050-025X075";"C050-025X075";"C8, C11, C16";"CAPACITOR, European symbol";"C";
"1";"500kMN";"DUALGANG.2";"16MM_DUALGANG";"CTRL";"Dual-Gan Potentiometers";"";
"1";"68k";"R-US_0204/5";"0204/5";"R13";"RESISTOR, American symbol";"R";
"1";"78L05Z";"78L05Z";"TO92";"IC2";"Positive VOLTAGE REGULATOR";"";
"1";"820R";"R-US_0204/5";"0204/5";"R16";"RESISTOR, American symbol";"R";
"1";"9V1";"DO35.2";"DO35-2";"D3";"1n914, BAT4x, 1n34a";"";
"1";"LED.3";"LED.3";"3MM_2";"D1";"LEDs, all sizes";"";
"8";"LSP10";"LSP10";"LSP10";"+9V, GND, GND_IN, GND_OUT, IN, LED, OUT, SW";"SOLDER PAD drill 1.0 mm, distributor Buerklin, 12H555";"";
"1";"RLED";"R-US_0204/5";"0204/5";"R12";"RESISTOR, American symbol";"R";
